{
  "AmbroseValley": {
    "x_min": -324.96697998046875,
    "x_max": 301.78729248046875,
    "z_min": -380.00714111328125,
    "z_max": 360.7577209472656
  },
  "GrandRift": {
    "x_min": -225.90382385253906,
    "x_max": 256.6163635253906,
    "z_min": -194.00479125976562,
    "z_max": 170.1127471923828
  },
  "Lockdown": {
    "x_min": -406.6295166015625,
    "x_max": 348.3560791015625,
    "z_min": -285.1046142578125,
    "z_max": 329.23785400390625
  }
}